customer_id, name, address, phone_number, gender, StartDate, BirthDate, JoiningPresent
98699,Candace Parker,Bates Street. St Louis,0503836702,F
32368,Steph Curry,Lombard Street. San Francisco,0502667547,M,"(12, 4, 2021)","(7, 11, 1980)",False
28385,Lebron James,Woods Avenue East LA,0509966725,M
59769,Simone Biles,Alioth Ave	Ohio,0501277597,F,"(31, 12, 2020)","(17, 5, 1985)",True
11232,Serena Williams,10th Terrace.	Palm Beach Gardens,0502896779,F
71627,Luka Doncic,10 Mile Rd. Dallas,0508445008,M
